<?xml version="1.0" encoding="UTF-8"?>
<configuration>
	<appender name="Console" class="ch.qos.logback.core.ConsoleAppender">
		<filter class="ch.qos.logback.classic.filter.LevelFilter">
			<level>INFO</level>
			<onMatch>ACCEPT</onMatch>
			<onMismatch>DENY</onMismatch>
		</filter>
		<encoder>
			<pattern>%d [%thread] %-5level %-50logger{40} - %msg%n</pattern>
		</encoder>
	</appender>

	<appender name="RollingFile"
		class="ch.qos.logback.core.rolling.RollingFileAppender">
		<file>${LOG_PATH}/Query-Service.log</file>
		<encoder>
			<pattern>%d [%thread] %-5level %-50logger{40} - %msg%n</pattern>
		</encoder>

		<rollingPolicy
			class="ch.qos.logback.core.rolling.SizeAndTimeBasedRollingPolicy">
			<fileNamePattern>${LOG_PATH}/Query-Service-%d{yyyy-MM-dd}.%i.log
			</fileNamePattern>
			<maxFileSize>10MB</maxFileSize>
			<maxHistory>30</maxHistory>
			<totalSizeCap>20MB</totalSizeCap>
			<cleanHistoryOnStart>true</cleanHistoryOnStart>
		</rollingPolicy>
	</appender>

	<root level="INFO">
		<appender-ref ref="Console" />
		<appender-ref ref="RollingFile" />
	</root>
</configuration>